--
-- PostgreSQL database dump
--

-- Dumped from database version 14.5
-- Dumped by pg_dump version 14.5

-- Started on 2022-12-14 21:57:05

SET statement_timeout = 0;
SET lock_timeout = 0;
SET idle_in_transaction_session_timeout = 0;
SET client_encoding = 'UTF8';
SET standard_conforming_strings = on;
SELECT pg_catalog.set_config('search_path', '', false);
SET check_function_bodies = false;
SET xmloption = content;
SET client_min_messages = warning;
SET row_security = off;

SET default_tablespace = '';

SET default_table_access_method = heap;

--
-- TOC entry 212 (class 1259 OID 41010)
-- Name: category; Type: TABLE; Schema: public; Owner: postgres
--

CREATE TABLE public.category (
    id integer NOT NULL,
    name character varying(255)
);


ALTER TABLE public.category OWNER TO postgres;

--
-- TOC entry 211 (class 1259 OID 41009)
-- Name: category_id_seq; Type: SEQUENCE; Schema: public; Owner: postgres
--

ALTER TABLE public.category ALTER COLUMN id ADD GENERATED BY DEFAULT AS IDENTITY (
    SEQUENCE NAME public.category_id_seq
    START WITH 1
    INCREMENT BY 1
    NO MINVALUE
    NO MAXVALUE
    CACHE 1
);


--
-- TOC entry 214 (class 1259 OID 41016)
-- Name: image; Type: TABLE; Schema: public; Owner: postgres
--

CREATE TABLE public.image (
    id integer NOT NULL,
    file_name character varying(255),
    product_id integer NOT NULL
);


ALTER TABLE public.image OWNER TO postgres;

--
-- TOC entry 213 (class 1259 OID 41015)
-- Name: image_id_seq; Type: SEQUENCE; Schema: public; Owner: postgres
--

ALTER TABLE public.image ALTER COLUMN id ADD GENERATED BY DEFAULT AS IDENTITY (
    SEQUENCE NAME public.image_id_seq
    START WITH 1
    INCREMENT BY 1
    NO MINVALUE
    NO MAXVALUE
    CACHE 1
);


--
-- TOC entry 216 (class 1259 OID 41022)
-- Name: orders; Type: TABLE; Schema: public; Owner: postgres
--

CREATE TABLE public.orders (
    id integer NOT NULL,
    count integer NOT NULL,
    date_time timestamp without time zone,
    number character varying(255),
    price real NOT NULL,
    status integer,
    person_id integer NOT NULL,
    product_id integer NOT NULL
);


ALTER TABLE public.orders OWNER TO postgres;

--
-- TOC entry 215 (class 1259 OID 41021)
-- Name: orders_id_seq; Type: SEQUENCE; Schema: public; Owner: postgres
--

ALTER TABLE public.orders ALTER COLUMN id ADD GENERATED BY DEFAULT AS IDENTITY (
    SEQUENCE NAME public.orders_id_seq
    START WITH 1
    INCREMENT BY 1
    NO MINVALUE
    NO MAXVALUE
    CACHE 1
);


--
-- TOC entry 210 (class 1259 OID 32817)
-- Name: person; Type: TABLE; Schema: public; Owner: postgres
--

CREATE TABLE public.person (
    id integer NOT NULL,
    login character varying(50),
    password character varying(255),
    role character varying(255)
);


ALTER TABLE public.person OWNER TO postgres;

--
-- TOC entry 209 (class 1259 OID 32816)
-- Name: person_id_seq; Type: SEQUENCE; Schema: public; Owner: postgres
--

ALTER TABLE public.person ALTER COLUMN id ADD GENERATED BY DEFAULT AS IDENTITY (
    SEQUENCE NAME public.person_id_seq
    START WITH 1
    INCREMENT BY 1
    NO MINVALUE
    NO MAXVALUE
    CACHE 1
);


--
-- TOC entry 218 (class 1259 OID 41028)
-- Name: product; Type: TABLE; Schema: public; Owner: postgres
--

CREATE TABLE public.product (
    id integer NOT NULL,
    date_time_of_created timestamp without time zone,
    description text NOT NULL,
    price double precision NOT NULL,
    seller character varying(255) NOT NULL,
    title text NOT NULL,
    warehouse character varying(255) NOT NULL,
    category_id integer NOT NULL,
    CONSTRAINT product_price_check CHECK ((price >= (1)::double precision))
);


ALTER TABLE public.product OWNER TO postgres;

--
-- TOC entry 220 (class 1259 OID 41037)
-- Name: product_cart; Type: TABLE; Schema: public; Owner: postgres
--

CREATE TABLE public.product_cart (
    id integer NOT NULL,
    person_id integer,
    product_id integer
);


ALTER TABLE public.product_cart OWNER TO postgres;

--
-- TOC entry 219 (class 1259 OID 41036)
-- Name: product_cart_id_seq; Type: SEQUENCE; Schema: public; Owner: postgres
--

ALTER TABLE public.product_cart ALTER COLUMN id ADD GENERATED BY DEFAULT AS IDENTITY (
    SEQUENCE NAME public.product_cart_id_seq
    START WITH 1
    INCREMENT BY 1
    NO MINVALUE
    NO MAXVALUE
    CACHE 1
);


--
-- TOC entry 217 (class 1259 OID 41027)
-- Name: product_id_seq; Type: SEQUENCE; Schema: public; Owner: postgres
--

ALTER TABLE public.product ALTER COLUMN id ADD GENERATED BY DEFAULT AS IDENTITY (
    SEQUENCE NAME public.product_id_seq
    START WITH 1
    INCREMENT BY 1
    NO MINVALUE
    NO MAXVALUE
    CACHE 1
);


--
-- TOC entry 3352 (class 0 OID 41010)
-- Dependencies: 212
-- Data for Name: category; Type: TABLE DATA; Schema: public; Owner: postgres
--

INSERT INTO public.category (id, name) VALUES (1, 'Свечи в стакане');
INSERT INTO public.category (id, name) VALUES (2, 'Свечи формовые');
INSERT INTO public.category (id, name) VALUES (3, 'Фитили');
INSERT INTO public.category (id, name) VALUES (4, 'Воск');


--
-- TOC entry 3354 (class 0 OID 41016)
-- Dependencies: 214
-- Data for Name: image; Type: TABLE DATA; Schema: public; Owner: postgres
--

INSERT INTO public.image (id, file_name, product_id) VALUES (6, '31e8306f-aad2-4368-a710-9197f8febd64.1.jpg', 2);
INSERT INTO public.image (id, file_name, product_id) VALUES (7, '7432c7c9-b3f2-4b49-a03a-e37b327e22be.2.jpg', 2);
INSERT INTO public.image (id, file_name, product_id) VALUES (8, '127218be-a12f-40bd-8dfc-cdff29c15d9e.3.jpg', 2);
INSERT INTO public.image (id, file_name, product_id) VALUES (9, '2f257dad-2f1a-4be6-920f-7f017b8d9e95.6.jpg', 2);
INSERT INTO public.image (id, file_name, product_id) VALUES (10, '80be3a55-e9c8-47b4-9e47-2086989f1025.7.jpg', 2);
INSERT INTO public.image (id, file_name, product_id) VALUES (11, 'e0fd05a1-115e-4f02-b585-69817af6b6b7.1.jpg', 3);
INSERT INTO public.image (id, file_name, product_id) VALUES (12, 'eddebec8-9026-4cd5-9405-7a20e298b8d7.2.jpg', 3);
INSERT INTO public.image (id, file_name, product_id) VALUES (13, 'e027a996-4667-4fe6-b059-605d95f70bed.3.jpg', 3);
INSERT INTO public.image (id, file_name, product_id) VALUES (14, '6a849480-f271-4f0d-a422-516c478d3ee1.4.jpg', 3);
INSERT INTO public.image (id, file_name, product_id) VALUES (15, '5d394d22-011a-4941-a98f-af5ec4aaed22.5.jpg', 3);
INSERT INTO public.image (id, file_name, product_id) VALUES (16, '12738a76-521b-48ce-966e-c77a9b761696.1.jpg', 4);
INSERT INTO public.image (id, file_name, product_id) VALUES (17, '8f64a657-1b91-47d4-8bb6-bad38a983b7f.2.jpg', 4);
INSERT INTO public.image (id, file_name, product_id) VALUES (18, '80dd2774-9ee1-421d-a106-8c96d6ebe092.3.jpg', 4);
INSERT INTO public.image (id, file_name, product_id) VALUES (19, 'd5f45f83-757a-4be1-92d9-53ae4f0a78cd.4.jpg', 4);
INSERT INTO public.image (id, file_name, product_id) VALUES (20, '58965e66-ed33-4bf0-91a1-1714ff1d53a2.', 4);
INSERT INTO public.image (id, file_name, product_id) VALUES (21, '0ff02a8b-25a4-4392-9980-bdc6756228b2.1.jpg', 5);
INSERT INTO public.image (id, file_name, product_id) VALUES (22, '1666dc45-d395-43c4-8c21-8d33e20fb202.2.jpg', 5);
INSERT INTO public.image (id, file_name, product_id) VALUES (23, '2df128ce-d447-4a7c-b993-b875033a1580.3.jpg', 5);
INSERT INTO public.image (id, file_name, product_id) VALUES (24, '2731329b-c638-4a44-8f89-23a90d7d2cd5.4.jpg', 5);
INSERT INTO public.image (id, file_name, product_id) VALUES (25, 'd293b76d-8189-4581-b21b-4e94bfa93728.', 5);
INSERT INTO public.image (id, file_name, product_id) VALUES (26, '79111f8e-cd6f-4a19-91dc-7afbeaff3cfa.1.jpg', 6);
INSERT INTO public.image (id, file_name, product_id) VALUES (27, '138bb637-56ef-445f-861a-aa87587830d0.2.jpg', 6);
INSERT INTO public.image (id, file_name, product_id) VALUES (28, 'a40829c1-bd16-4f22-922c-96d97c99af9b.3.jpg', 6);
INSERT INTO public.image (id, file_name, product_id) VALUES (29, '5499a898-5b4f-4119-a305-8e3a438815e3.4.jpg', 6);
INSERT INTO public.image (id, file_name, product_id) VALUES (30, '4854d6e5-79b9-4bc5-aa2d-b145f456fc74.5.jpg', 6);
INSERT INTO public.image (id, file_name, product_id) VALUES (31, '87a62c03-9cb1-4925-ad05-c11c1e0147ed.1.jpg', 7);
INSERT INTO public.image (id, file_name, product_id) VALUES (32, '79417d08-2edb-462b-b82f-2fd3327608e2.2.jpg', 7);
INSERT INTO public.image (id, file_name, product_id) VALUES (33, '50caafd0-05d7-46c4-82ee-43b2f5b8c074.3.jpg', 7);
INSERT INTO public.image (id, file_name, product_id) VALUES (34, '932eda13-9455-4cc5-b952-ce364df76fd4.4.jpg', 7);
INSERT INTO public.image (id, file_name, product_id) VALUES (35, '0e91b9c0-9835-4736-896b-b799fde4b9fb.5.jpg', 7);
INSERT INTO public.image (id, file_name, product_id) VALUES (36, 'cc56aada-00a3-4535-8150-8c28db7be101.1.jpg', 8);
INSERT INTO public.image (id, file_name, product_id) VALUES (37, '77de19a6-7b92-4ab1-a70a-c5ed007f314c.2.jpg', 8);
INSERT INTO public.image (id, file_name, product_id) VALUES (38, 'a95a9aba-dd29-415f-ac4b-a8dc32783e89.3.jpg', 8);
INSERT INTO public.image (id, file_name, product_id) VALUES (39, '3f848359-8d14-48b5-93a2-ff6a440dd13c.4.jpg', 8);
INSERT INTO public.image (id, file_name, product_id) VALUES (40, '27b4dbe4-680b-47f4-a192-fcb4cc4bc894.5.jpg', 8);
INSERT INTO public.image (id, file_name, product_id) VALUES (41, '087e8605-5df8-41b5-a9c6-b3c0297cb8a7.1.jpg', 9);
INSERT INTO public.image (id, file_name, product_id) VALUES (42, 'c345c0d3-6783-4ef2-9ce9-2628a6a079a1.2.jpg', 9);
INSERT INTO public.image (id, file_name, product_id) VALUES (43, '7b7ac189-40cd-41af-850b-4dd85b369386.3.jpg', 9);
INSERT INTO public.image (id, file_name, product_id) VALUES (44, '515ca4b6-9a61-46cc-b83f-acc23b877878.4.jpg', 9);
INSERT INTO public.image (id, file_name, product_id) VALUES (45, '7fada76b-f2bf-4f56-a09a-81c2be15cf14.5.jpg', 9);
INSERT INTO public.image (id, file_name, product_id) VALUES (46, 'fde83443-771f-45bd-8312-ccbc71dacf18.1.jpg', 10);
INSERT INTO public.image (id, file_name, product_id) VALUES (47, '86a9d908-ce47-4efb-98a2-3e0c00b1be0d.2.jpg', 10);
INSERT INTO public.image (id, file_name, product_id) VALUES (48, '87ab4514-3236-4f01-b8aa-438c46e45f4a.3.jpg', 10);
INSERT INTO public.image (id, file_name, product_id) VALUES (49, 'fda2be53-fb25-4c6d-99c8-a4c85ccbf3d4.', 10);
INSERT INTO public.image (id, file_name, product_id) VALUES (50, '9866e8d3-1fcf-4fc1-9649-6253b1931de6.', 10);
INSERT INTO public.image (id, file_name, product_id) VALUES (61, '1207ea77-959a-4add-ac43-93847bd9c926.1.jpg', 14);
INSERT INTO public.image (id, file_name, product_id) VALUES (62, '94e1c40a-9645-4b76-a298-98c7dcb6fa29.2.jpg', 14);
INSERT INTO public.image (id, file_name, product_id) VALUES (63, 'a1a29d2c-8974-48dd-8c59-307442d6831f.3.jpg', 14);
INSERT INTO public.image (id, file_name, product_id) VALUES (64, '8e07e914-4c01-45f3-ad09-ec3f4243b950.4.jpg', 14);
INSERT INTO public.image (id, file_name, product_id) VALUES (65, '4efc152e-9420-422f-a689-8f7f5c103f33.', 14);


--
-- TOC entry 3356 (class 0 OID 41022)
-- Dependencies: 216
-- Data for Name: orders; Type: TABLE DATA; Schema: public; Owner: postgres
--

INSERT INTO public.orders (id, count, date_time, number, price, status, person_id, product_id) VALUES (21, 1, '2022-12-14 18:33:17.064503', '23962557-a997-4dfd-b28c-3cf5457bb422', 550, 1, 1, 5);


--
-- TOC entry 3350 (class 0 OID 32817)
-- Dependencies: 210
-- Data for Name: person; Type: TABLE DATA; Schema: public; Owner: postgres
--

INSERT INTO public.person (id, login, password, role) VALUES (1, 'user_test', '$2a$10$aDnMWjFf9t5GmN.K.zub4eFN/iJe6YaybQhHGyz1lfB1ojXTfcjY2', 'ROLE_USER');
INSERT INTO public.person (id, login, password, role) VALUES (2, 'admin', '$2a$10$XZZ9a7cipcDOUQ3gi/dvd.B3FFiKQRBpYpAUX3RntAr447FlcpfbG', 'ROLE_ADMIN');
INSERT INTO public.person (id, login, password, role) VALUES (6, 'user90', '$2a$10$I/BmbKjMjfin0iKJ8KObxO9EQZ8OUX/yndPZ8wQMSbH48AmKGlllm', 'ROLE_USER');


--
-- TOC entry 3358 (class 0 OID 41028)
-- Dependencies: 218
-- Data for Name: product; Type: TABLE DATA; Schema: public; Owner: postgres
--

INSERT INTO public.product (id, date_time_of_created, description, price, seller, title, warehouse, category_id) VALUES (4, '2022-12-06 01:47:40.565937', 'Ароматическая формовая свеча куб "Bubble" - это настоящий тренд этого года. Свеча настолько стильная и атмосферная, что с лёгкостью впишется в любой интерьер и изменит его до неузнаваемости. Ведь свет и сладкий аромат — это самый эффективный и простой способ улучшить настроение и атмосферу. Ароматическая свеча куб из соевого воска высотой 5 см отлично подойдёт для интерьера спальни, гостиной, кухни и даже ванной. Интерьерная соевая свеча - это оригинальный подарок, который будет наполнять комнату лёгким и приятным ароматом. Вес свечи: 150г.', 502, 'ИП_Олег', 'Ароматическая формовая свеча бабл', 'Иркутск', 2);
INSERT INTO public.product (id, date_time_of_created, description, price, seller, title, warehouse, category_id) VALUES (3, '2022-12-06 01:45:56.074486', 'Свечи изготавливаются в ручную из натурального соевого или кокосового воска и премиальных арома масел. Мы используем хлопковые или деревянные фитили. Наши свечи не содержат парафина, стеарина и других добавок, они не выделяют вредных веществ. Каждое изделие надежно упаковываем в защитную пленку и плотную гофрокоробку. Свечи станут отличным украшением интерьера, наполнят дом неповторимым ароматом и будут отличным подарком на новоселье или годовщину, так же их можно подарить на день рождения или 8 марта. Сделать приятный сюрприз на 14 февраля. Порадовать прекрасными ароматами на 23 февраля, а еще свечами можно создать праздничное настроение на Новый год и Рождество. Состав: 90% натуральный соевый воск, 10% ароматическая отдушка, фитиль деревянный. Свеча в банке 100 мл', 550, 'ИП_Генадий', 'Свеча ароматическая. Кожа и древесина', 'Иркутск', 1);
INSERT INTO public.product (id, date_time_of_created, description, price, seller, title, warehouse, category_id) VALUES (6, '2022-12-06 01:50:11.458168', 'Формовая свеча - это полезное и выгодное приобретение для праздника, уюта, романтики, создания неповторимой атмосферы. Свечи горят аккуратно, не создают копоти, дыма, неприятных запахов. Безвредный соевый воск после горения не оставляет характерных подтеков, благодаря этому пол, скатерть, мебель остаются чистыми. Форма свечи - геометрическая. Ароматическая свеча может использоваться в ванной, спальне, столовой, кухни и отлично подойдет для сервировки стола. Для медитации, йоги, расслабления Подарочные свечи завернуты в защитную пленку и картонную упаковку, которая защищает их от повреждения при транспортировке. Время горения фигурных свечей до 20 часов Свечи интерьерные - обязательный атрибут для создания романтического вечера. Используйте свечу для романтической обстановки, сервировки стола, украшения праздника и создания уютного вечера, а в зимние вечера, сидя у камина, зажгите свечу для поднятия новогоднего настроения. Ваша комната наполнится теплым светом, а аромат распространится вокруг. Минималистичный формат изделия, идеально впишется в любой интерьер ( скандинавский, лофт, модерн, хай-тек, этно, классицизм). Не забывайте подрезать фитиль, для увеличения времени горения. Не жгите свечу долго, до 1 часа. Вес свечи: 200г.', 975, 'ИП_Олег', 'Свеча фигурная ароматическая натуральный соевый воск', 'Иркутск', 2);
INSERT INTO public.product (id, date_time_of_created, description, price, seller, title, warehouse, category_id) VALUES (2, NULL, 'Свечи изготавливаются в ручную из натурального соевого или кокосового воска и премиальных арома масел. Мы используем хлопковые или деревянные фитили. Наши свечи не содержат парафина, стеарина и других добавок, они не выделяют вредных веществ. Каждое изделие надежно упаковываем в защитную пленку и плотную гофрокоробку. Свечи станут отличным украшением интерьера, наполнят дом неповторимым ароматом и будут отличным подарком на новоселье или годовщину, так же их можно подарить на день рождения или 8 марта. Сделать приятный сюрприз на 14 февраля. Порадовать прекрасными ароматами на 23 февраля, а еще свечами можно создать праздничное настроение на Новый год и Рождество. Состав: 90% натуральный соевый воск, 10% ароматическая отдушка, фитиль деревянный. ', 650, 'ИП_Генадий', 'Свеча ароматическая. Ваниль', 'Иркутск', 1);
INSERT INTO public.product (id, date_time_of_created, description, price, seller, title, warehouse, category_id) VALUES (7, '2022-12-06 01:51:09.58517', 'Армированный Фитиль для изготовления свечей. Хлопковый вощеный фитиль с металлическим держателем. Хлопоковые фитили используются для изготовления свечей контейнерного и формового типа. Фитили отлично горят и не коптят. Фитиль 15 см подходит для кокосовых, соевых, парафиновых и пальмовых формовых свечей.Преимущество:* Выгодный комплект. В упаковке 100 фитилей. Пропитаны воском, полностью готовы к использованию;* Все фитили уже с готовым основанием, достаточно закрепить на дно формы или ёмкости;* Классическое, стабильное пламя;* Длина фитиля идеально подходит для многих емкостей и формочек. Лишнее можно обрезать. Несколько рекомендаций:* Имейте ввиду, что при большой площади готовой свечи, необходимо использовать несколько фитилей. Поверхность в таком случае будет растапливаться равномерно и "бассейн" будет правильной формы.* Не бойтесь ошибок :) Творите и вдохновляйтесь!* По возможности, не используйте термо-клеевой пистолет для крепления основания, т.к. в конце плавления воска, клей разогреется и основание оторвется.Размеры:Фитиль - 15см. в длинуДержатель для фитиля - 19 мм в диаметре. Фитили отлично подойдут для свечей диаметром до 7-8 см.', 770, 'ИП_Генадий', 'Фитили для свечей хлопковые армированные', 'Иркутск', 3);
INSERT INTO public.product (id, date_time_of_created, description, price, seller, title, warehouse, category_id) VALUES (8, NULL, 'Размеры фитиля: 140*12 ммРазмеры держателей: 13*15*10 ммИзготовлен из вишнего шпона из Северной Америки. Не требуется дополнительной обработки, фитили полностью готовы к использованию.Подходит для стакана с диаметром 6-9 см. Оптимальный диаметр 8 см.В натуральных восках (кокосовом и соевом) отлично горит ровным пламенем. При горении фитиль издает приятный звук потрескивания.Рекомендуем использовать сдвоенный фитиль для свечей диаметром больше 6 см. Догорая до середины стакана, одинарный фитиль испытывает дефицит кислорода и может тухнуть. А двойной прекрасно поддерживает пламя до самого дна свечи.', 1200, 'ИП_Генадий', 'Фитиль для свечей деревянный', 'Иркутск', 3);
INSERT INTO public.product (id, date_time_of_created, description, price, seller, title, warehouse, category_id) VALUES (9, '2022-12-06 01:53:17.708172', 'Натуральный соевый воск состоит из масла соевых бобов. Воски для свечей белого цвета имеют приятный и легкий натуральный аромат. Легко и полно принимает отдушки от любых производителей. Соевый воск для контейнерных свечей ложится ровным слоем после второй заливки или же после обработки первой заливки феном (строительным или бытовым). Свечеварение набор подходит для изготовления аксессуаров для дома, аромасвечей, воск для массажных свечей и воск для саше. Температура плавления 46-52 градусов. Рекомендуемая температура заливки - 58-62 градуса. Набор для изготовления свечей в фасовке по 0,5 и 1 кг содержит 2 фитиля и инструкцию.Свечи на растительном воске безопасны, равномерно плавятся при горении, а также хорошо держат аромат и не изменяют его при нагревании. Изготовление свечей - это постоянный творческий процесс.. Экспериментируйте с формами, ароматами и наполнителями и вы получите свои неповторимые экосвечи, которые украсят ваш интерьер и подарят вам эстетическое наслаждение.', 967, 'ИП_Генадий', 'Соевый воск для изготовления свечей 1 кг', 'Иркутск', 4);
INSERT INTO public.product (id, date_time_of_created, description, price, seller, title, warehouse, category_id) VALUES (10, '2022-12-06 01:54:05.166173', 'Воск для изготовления свечи от "Мистер Воск". Наборы: 2 шайбы. Вес 1 шайбы 230-265 г, вес бокса на 2 шайбы 480-520 г. Предлагаемый нами воск натуральный пчелиный, проходит несколько этапов очистки:  в нем нет осадка, примеси. Осветление происходит качественным химическим составом производства Нидерланды, цвета после окрашивания яркие и сочные. Процесс осветления меняет физическую структуру воска, плотность и вязкость, он более жидкий при плавлении.  В составе воска нет парафина, он окрашен немецким жирорастворимым красителем. Пчелиный воск не подходит для использования Аромки (ароматических свечей) - имеет натуральный, медовый аромат. Интенсивность запаха зависит от изначального сырья и количества красителя. Свечной воск безопасен при горении. Для изготовления свечей и работы с воском, используйте свечной фен, для качественной заливки свечей, выравнивания дна изделия и долговечности использования силиконовых форм. Мы предлагаем именно ВОСК, а не свечную массу из хим продуктов.', 798, 'ИП_Генадий', 'Воск для свечей пчелиный БЕЛЫЙ', 'Иркутск', 4);
INSERT INTO public.product (id, date_time_of_created, description, price, seller, title, warehouse, category_id) VALUES (5, NULL, 'Формовая свеча - это полезное и выгодное приобретение для праздника, уюта, романтики, создания неповторимой атмосферы. Свечи горят аккуратно, не создают копоти, дыма, неприятных запахов. Безвредный соевый воск после горения не оставляет характерных подтеков, благодаря этому пол, скатерть, мебель остаются чистыми. Форма свечи - геометрическая. Ароматическая свеча может использоваться в ванной, спальне, столовой, кухни и отлично подойдет для сервировки стола. Для медитации, йоги, расслабления Подарочные свечи завернуты в защитную пленку и картонную упаковку, которая защищает их от повреждения при транспортировке. Время горения фигурных свечей до 20 часов. Декоративные свечи прогорают равномерно, оставляю бортики из крайних частей. Свеча ароматическая наполнит ваш дом изысканным и сладким ароматом кокосового пломбира, ягодного пунша или табака и ванили, создавая теплую камерную атмосферу. Свечи интерьерные - обязательный атрибут для создания романтического вечера.Используйте свечу для романтической обстановки, сервировки стола, украшения праздника и создания уютного вечера, а в зимние вечера, сидя у камина, зажгите свечу для поднятия новогоднего настроения. Ваша комната наполнится теплым светом, а аромат распространится вокруг. Минималистичный формат изделия, идеально впишется в любой интерьер ( скандинавский, лофт, модерн, хай-тек, этно, классицизм). Не забывайте подрезать фитиль, для увеличения времени горения. Не жгите свечу долго, до 1 часа. Вес свечи: 200г.', 550, 'ИП_Олег', 'Формовая свеча', 'Иркутск', 2);
INSERT INTO public.product (id, date_time_of_created, description, price, seller, title, warehouse, category_id) VALUES (14, NULL, 'Свечи изготавливаются в ручную из натурального соевого или кокосового воска и премиальных арома масел. Мы используем хлопковые или деревянные фитили. Наши свечи не содержат парафина, стеарина и других добавок, они не выделяют вредных веществ. Каждое изделие надежно упаковываем в защитную пленку и плотную гофрокоробку. Свечи станут отличным украшением интерьера, наполнят дом неповторимым ароматом и будут отличным подарком на новоселье или годовщину, так же их можно подарить на день рождения или 8 марта. Сделать приятный сюрприз на 14 февраля. Порадовать прекрасными ароматами на 23 февраля, а еще свечами можно создать праздничное настроение на Новый год и Рождество. Наши ароматы мягкие и не резкие, свечи прекрасно подходят для медитаций. Состав: 90% натуральный соевый воск, 10% ароматическая отдушка, фитиль деревянный. Свеча в банке 100 мл', 600, 'ИП_Генадий', 'Свеча ароматическая. Баунти ', 'Иркутск', 1);


--
-- TOC entry 3360 (class 0 OID 41037)
-- Dependencies: 220
-- Data for Name: product_cart; Type: TABLE DATA; Schema: public; Owner: postgres
--



--
-- TOC entry 3366 (class 0 OID 0)
-- Dependencies: 211
-- Name: category_id_seq; Type: SEQUENCE SET; Schema: public; Owner: postgres
--

SELECT pg_catalog.setval('public.category_id_seq', 4, true);


--
-- TOC entry 3367 (class 0 OID 0)
-- Dependencies: 213
-- Name: image_id_seq; Type: SEQUENCE SET; Schema: public; Owner: postgres
--

SELECT pg_catalog.setval('public.image_id_seq', 65, true);


--
-- TOC entry 3368 (class 0 OID 0)
-- Dependencies: 215
-- Name: orders_id_seq; Type: SEQUENCE SET; Schema: public; Owner: postgres
--

SELECT pg_catalog.setval('public.orders_id_seq', 21, true);


--
-- TOC entry 3369 (class 0 OID 0)
-- Dependencies: 209
-- Name: person_id_seq; Type: SEQUENCE SET; Schema: public; Owner: postgres
--

SELECT pg_catalog.setval('public.person_id_seq', 6, true);


--
-- TOC entry 3370 (class 0 OID 0)
-- Dependencies: 219
-- Name: product_cart_id_seq; Type: SEQUENCE SET; Schema: public; Owner: postgres
--

SELECT pg_catalog.setval('public.product_cart_id_seq', 29, true);


--
-- TOC entry 3371 (class 0 OID 0)
-- Dependencies: 217
-- Name: product_id_seq; Type: SEQUENCE SET; Schema: public; Owner: postgres
--

SELECT pg_catalog.setval('public.product_id_seq', 14, true);


--
-- TOC entry 3193 (class 2606 OID 41014)
-- Name: category category_pkey; Type: CONSTRAINT; Schema: public; Owner: postgres
--

ALTER TABLE ONLY public.category
    ADD CONSTRAINT category_pkey PRIMARY KEY (id);


--
-- TOC entry 3195 (class 2606 OID 41020)
-- Name: image image_pkey; Type: CONSTRAINT; Schema: public; Owner: postgres
--

ALTER TABLE ONLY public.image
    ADD CONSTRAINT image_pkey PRIMARY KEY (id);


--
-- TOC entry 3197 (class 2606 OID 41026)
-- Name: orders orders_pkey; Type: CONSTRAINT; Schema: public; Owner: postgres
--

ALTER TABLE ONLY public.orders
    ADD CONSTRAINT orders_pkey PRIMARY KEY (id);


--
-- TOC entry 3191 (class 2606 OID 32823)
-- Name: person person_pkey; Type: CONSTRAINT; Schema: public; Owner: postgres
--

ALTER TABLE ONLY public.person
    ADD CONSTRAINT person_pkey PRIMARY KEY (id);


--
-- TOC entry 3203 (class 2606 OID 41041)
-- Name: product_cart product_cart_pkey; Type: CONSTRAINT; Schema: public; Owner: postgres
--

ALTER TABLE ONLY public.product_cart
    ADD CONSTRAINT product_cart_pkey PRIMARY KEY (id);


--
-- TOC entry 3199 (class 2606 OID 41035)
-- Name: product product_pkey; Type: CONSTRAINT; Schema: public; Owner: postgres
--

ALTER TABLE ONLY public.product
    ADD CONSTRAINT product_pkey PRIMARY KEY (id);


--
-- TOC entry 3201 (class 2606 OID 41043)
-- Name: product uk_qka6vxqdy1dprtqnx9trdd47c; Type: CONSTRAINT; Schema: public; Owner: postgres
--

ALTER TABLE ONLY public.product
    ADD CONSTRAINT uk_qka6vxqdy1dprtqnx9trdd47c UNIQUE (title);


--
-- TOC entry 3205 (class 2606 OID 41049)
-- Name: orders fk1b0m4muwx1t377w9if3w6wwqn; Type: FK CONSTRAINT; Schema: public; Owner: postgres
--

ALTER TABLE ONLY public.orders
    ADD CONSTRAINT fk1b0m4muwx1t377w9if3w6wwqn FOREIGN KEY (person_id) REFERENCES public.person(id);


--
-- TOC entry 3207 (class 2606 OID 41059)
-- Name: product fk1mtsbur82frn64de7balymq9s; Type: FK CONSTRAINT; Schema: public; Owner: postgres
--

ALTER TABLE ONLY public.product
    ADD CONSTRAINT fk1mtsbur82frn64de7balymq9s FOREIGN KEY (category_id) REFERENCES public.category(id);


--
-- TOC entry 3206 (class 2606 OID 41054)
-- Name: orders fk787ibr3guwp6xobrpbofnv7le; Type: FK CONSTRAINT; Schema: public; Owner: postgres
--

ALTER TABLE ONLY public.orders
    ADD CONSTRAINT fk787ibr3guwp6xobrpbofnv7le FOREIGN KEY (product_id) REFERENCES public.product(id);


--
-- TOC entry 3204 (class 2606 OID 41044)
-- Name: image fkgpextbyee3uk9u6o2381m7ft1; Type: FK CONSTRAINT; Schema: public; Owner: postgres
--

ALTER TABLE ONLY public.image
    ADD CONSTRAINT fkgpextbyee3uk9u6o2381m7ft1 FOREIGN KEY (product_id) REFERENCES public.product(id);


--
-- TOC entry 3209 (class 2606 OID 41069)
-- Name: product_cart fkhpnrxdy3jhujameyod08ilvvw; Type: FK CONSTRAINT; Schema: public; Owner: postgres
--

ALTER TABLE ONLY public.product_cart
    ADD CONSTRAINT fkhpnrxdy3jhujameyod08ilvvw FOREIGN KEY (product_id) REFERENCES public.product(id);


--
-- TOC entry 3208 (class 2606 OID 41064)
-- Name: product_cart fksgnkc1ko2i1o9yr2p63ysq3rn; Type: FK CONSTRAINT; Schema: public; Owner: postgres
--

ALTER TABLE ONLY public.product_cart
    ADD CONSTRAINT fksgnkc1ko2i1o9yr2p63ysq3rn FOREIGN KEY (person_id) REFERENCES public.person(id);


-- Completed on 2022-12-14 21:57:05

--
-- PostgreSQL database dump complete
--

